,Romanized Name,Birth,Country,Status,Team,Approx. Total Earnings,Common Team Role(s),Signature Hero,Player Name
0,Lee Seon-chang,2000-02-04 , South Korea,Active,San Francisco Shock,"$293,877",DPS,"Widowmaker, Hanzo, McCree, Ashe, Sombra",ANS
1,Chen Shao-Hua,1997-05-03 , Taiwan,Active,,"$25,417",Tank,"Reinhardt, Winston",ATing
2,Chon Gi-hyeon,1999-11-16 , South Korea,Active,,"$12,299",DPS,"Genji, Tracer, Pharah, McCree",Ado
3,Kang Jae-hwan,1998-05-11 , South Korea,Active,,"$80,415",DPS,"Tracer, Genji, Mei, Echo",Adora
4,,1999-12-27 , Canada,Active,,"$105,783",DPS,"Genji, Pharah, Roadhog, Doomfist, Mei",Agilities
5,Go Jae-yoon,1994-04-07 , South Korea,Active,Dallas Fuel,"$10,039",Support,"Lúcio, Mercy",Aid
6,Kwon Min-seok,1999-03-31 , South Korea,Active,,"$103,908",Support,"Zenyatta, Ana, Moira",AimGod
7,Kim Kyung-bo,2001-07-20 , South Korea,Active,Philadelphia Fusion,"$131,662",Support,"Ana, Zenyatta, Baptiste, Moira, Brigitte",Alarm
8,Cheng Yage,1994-03-22 , China,Active,Bilibili Gaming,"$10,736",Coach,"Mercy, Lúcio",Altering
9,Jung Hyun-wook,2002-03-06 , South Korea,Active,,$561,DPS,"Doomfist, Mei, Echo, Sombra",ALTHOUGH
10,Jung Tae-sung,1997-09-02 , South Korea,Active,Seoul Dynasty,"$247,329",Support,"Lúcio, Baptiste, Mercy",Anamo
11,,2000-06-19 , United States,Active,,"$27,735",DPS,"Genji, Pharah, Junkrat, Mei",Apply
12,Jeong Won-hyeop,1995-11-03 , South Korea,Active,,"$38,328",CoachDPS,"Genji, Tracer, Hanzo",ArHaN
13,Hong Yeon-joon,1998-01-11 , South Korea,Retired,,"$155,245",Support,"Mercy, Lúcio, Ana",ArK
14,Park Min-ho,2000-02-26 , South Korea,Active,Hangzhou Spark,"$269,809",DPS,"Genji, Pharah, Doomfist, Hanzo, Widowmaker",Architect
15,Choi Joon-seong,1995-09-12 , South Korea,Retired,,"$39,367",DPS,"Tracer, McCree",Asher
16,Yoon Hui-chang,1999-02-02 , South Korea,Active,Washington Justice,"$90,832",Support,"Zenyatta, Ana",BeBe
17,Shin Se-won,2000-08-18 , South Korea,Active,Hangzhou Spark,"$37,703",Tank,"D.Va, Zarya, Roadhog, Sigma",BERNAR
18,Park Sang-beom,1999-08-05 , South Korea,Active,,"$193,560",Tank,"Reinhardt, Winston, D.Va, Zarya, Lúcio",Bumper
19,Park Sang-jun,2001-01-25 , South Korea,Active,,$345,DPS,"Widowmaker, Hanzo, McCree, Ashe",Babel
20,Lo Tzu-Heng,1998-02-27 , Taiwan,Retired,,"$38,796",DPS,"Reaper, Tracer, Hanzo, Soldier, 76, Widowmaker",Baconjack
21,,1993-09-28 , Canada,Active,,"$25,580",CoachSupport,"Ana, Mercy, Lúcio, Zenyatta, Sombra",Bani
22,Park Jun-ki,1999-03-24 , South Korea,Retired,,"$82,032",DPS,"Widowmaker, Tracer, McCree, Doomfist",Bazzi
23,Choi Seung-tae,1996-08-18 , South Korea,Active,,"$380,822",Support,"Zenyatta, Moira, Ana, Roadhog, Tracer",Bdosin
24,,1995-04-25 , Argentina,Retired,,"$13,566",Tank,"D.Va, Roadhog, Zarya",Beast
25,,1995-11-17 , France,Active,,"$40,698",Tank,"Reinhardt, Orisa, Winston",BenBest
26,Kim Dong-wook,2002-01-01 , South Korea,Active,,"$67,007",Tank,"D.Va, Zarya",BiaNcA
27,,1996-11-03 , Finland,Retired,,"$115,151",Support,"Lúcio, Mercy, Brigitte",BigG00se
28,Kim Ji-hyeok,1999-05-28 , South Korea,Active,Los Angeles Gladiators,"$267,296",DPS,"Widowmaker, Tracer, McCree, Junkrat, Ashe",Birdring
29,"Hyung-seok ""Aaron"" Kim",1994-08-28 , South Korea,Active,,"$58,379",Tank,"D.Va, Roadhog",Bischu
30,,, United States,Active,Houston Outlaws,"$20,012",Support,"Lúcio, Mercy, Baptiste",Boink
31,,1997-04-17 , United Kingdom,Active,,"$184,142",Support,"Zenyatta, Baptiste, Moira, Ana, Roadhog",Boombox
32,Chae Joon-hyuk,1998-05-15 , South Korea,Active,,"$76,730",DPS,"Tracer, Widowmaker, McCree, Soldier, 76",Bunny
33,,, Sweden,Active,,"$12,885",Coach,"Winston, Genji, Reinhardt, Pharah",CWoosH
34,,2001-12-04 , United States,Retired,,"$22,423",Support,"Lúcio, Mercy, Brigitte",Carcar
35,Kim Jung-yeon,1998-08-04 , South Korea,Retired,,"$30,886",Support,"Lúcio, Mercy, Brigitte",Chara
36,,1997-11-22 , United Kingdom,,,"$72,004",DPS,"Doomfist, Genji, Widowmaker",ChipSa
37,,1992-02-28 , Sweden,Inactive,,"$63,194",Support,"Ana, Mercy, Zenyatta, Sombra",Chipshajen
38,Choi Hyo-bin,1997-09-05 , South Korea,Active,San Francisco Shock,"$544,497",Tank,"D.Va, Roadhog, Sigma, Zarya",ChoiHyoBin
39,Cho Gun-hee,2001-11-11 , South Korea,Active,,"$2,202",Tank,"D.Va, Zarya",Clestyn
40,,, United States,Retired,,"$16,922",Coach,"Tracer, Soldier, 76, McCree, Pharah",Clockwork
41,Jung Won-sik,1998-05-16 , South Korea,Active,Washington Justice,"$240,010",Support,"Mercy, Lúcio, Ana, Baptiste",Closer
42,Son Kyung-woo,1995-08-09 , South Korea,Active,,"$51,146",Support,"Lúcio, Mercy, Ana",CoMa
43,Tong Xiaodong,1999-03-13 , China,Active,Hangzhou Spark,"$29,647",Support,"Zenyatta, Ana, Moira",ColdesT
44,,1997-11-17 , New Zealand,Active,Boston Uprising,"$7,982",DPS,"Widowmaker, Pharah, Echo, Genji, Tracer",Colourhex
45,,1999-05-11 , United States,Retired,,"$8,441",DPS,"Widowmaker, McCree, Tracer, Reaper, Hanzo",Corey
46,Nam Ki-cheol,1998-10-03 , South Korea,Active,Guangzhou Charge,"$47,855",Tank,"D.Va, Zarya, Sigma, Roadhog",Cr0ng
47,Kim Young-wan,2001-11-04 , South Korea,Active,Seoul Dynasty,"$148,235",Support,"Zenyatta, Ana",Creative
48,,1999-10-03 , Canada,Active,Houston Outlaws,"$62,277",Support,"Zenyatta, Moira, Ana",Crimzo
49,,1993-11-22 , Australia,Retired,,"$90,775",Support,"Mercy, Moira, Ana, Lúcio, Zenyatta",Custa
50,Yang Jin-hyeok,1999-11-23 , South Korea,Active,,"$147,679",DPS,"Pharah, Sombra, Hanzo, Doomfist",DDing
51,Choi Yong-jun,1999-11-05 , South Korea,Active,First Fabulous Fighter,"$7,205",TankDPS,"D.Va, Widowmaker, Sombra",DPI
52,Song Sang-lok,1999-05-31 , South Korea,Active,Los Angeles Valiant,"$22,458",Tank,"Reinhardt, Winston, Wrecking, Ball",Dreamer
53,Seo Dong-hyeong,2000-02-01 , South Korea,Active,,"$62,901",Tank,"D.Va, Zarya, Sigma",Daco
54,Kim Dae-min,1996-10-04 , South Korea,Active,Guangzhou Charge,"$9,192",DPS,"Tracer, Widowmaker",Daemin
55,,2001-07-17 , United States,Active,Vancouver Titans,"$20,686",DPS,"Tracer, Widowmaker, Reaper",Dalton
56,,1999-03-24 , United States,Active,Houston Outlaws,"$28,944",DPS,"Sombra, Tracer, Echo, Genji, Mei",Danteh
57,Park Jeong-hwan,1999-01-15 , South Korea,Active,,"$96,957",Support,"Ana, Mercy, Moira",DayFly
58,Jang Gui-un,2001-02-27 , South Korea,Active,Washington Justice,"$119,901",DPSTank,"Tracer, McCree, Widowmaker, Zarya, Genji",Decay
59,Lu Weida,1999-07-30 , China,Active,Team CC,"$179,143",DPS,"Widowmaker, Tracer, McCree, Hanzo, Ashe",Diya
60,,1998-07-31 , United States,Active,,"$90,327",Support,"Ana, Zenyatta, Moira, Baptiste",Dogman
61,Kim Dong-Ha,2000-06-02 , South Korea,Active,Dallas Fuel,"$46,940",DPS,"Sombra, Pharah, Junkrat, Doomfist, Mei",Doha
62,,1997-10-13 , United States,Inactive,,$123,DPS,"Genji, McCree, Widowmaker, Pharah",DreamKazper
63,Hwang Hyeon,1997-05-16 , South Korea,Retired,,"$16,810",DPS,"Tracer, Soldier, 76, McCree, Widowmaker, Doomfist",EFFECT
64,,1999-02-28 , Sweden,Active,New Kings,"$32,981",Tank,"D.Va, Zarya, Sigma",ELLIVOTE
65,Kim Tae-hoon,2001-11-16 , South Korea,Active,Atlanta Reign,"$24,460",DPS,"Tracer, Widowmaker, McCree, Doomfist, Hanzo",Edison
66,Ou Yiliang,2000-09-26 , China,Active,Guangzhou Charge,"$43,874",DPS,"Genji, Doomfist, Sombra, Tracer",Eileen
67,,1999-09-23 , United States,Active,HU Storm,"$33,811",SupportDPS,"Lúcio, Mercy, Ana, Genji, Mei",Elk
68,Luo Wenjie,2000-06-21 , China,Active,Chengdu Hunters,"$9,835",TankDPS,"D.Va, Sombra, Zarya, Tracer, Symmetra",Elsa
69,Lee Kang-jae,1997-04-30 , South Korea,Retired,,"$42,675",Tank,"D.Va, Zarya, Roadhog, Soldier, 76, Reaper",Envy
70,Jeong Joon,2000-05-31 , South Korea,Active,Shanghai Dragons,"$99,968",DPS,"Genji, Pharah, Doomfist, Hanzo, Mei",Erster
71,,1993-06-29 , United States,Active,Revival,"$47,338",CoachTank,"Reinhardt, Winston, Orisa",FCTFCTN
72,,2001-08-27 , France,Active,San Francisco Shock,"$33,469",Support,"Lúcio, Mercy, Baptiste, Moira",FDGoD
73,Lee Eui-Seok,1998-05-27 , South Korea,Active,Dallas Fuel,"$128,763",Tank,"Winston, Reinhardt, Orisa, Wrecking, Ball, Roadhog",Fearless
74,,, United States,Retired,,"$11,954",Support,"Ana, Lúcio, Zenyatta",Fahzix
75,Koo Pan-seung,1998-10-14 , South Korea,Active,Shanghai Dragons,"$98,348",Tank,"Winston, Reinhardt, Wrecking, Ball",Fate
76,Kwon Joon,2002-01-29 , South Korea,Active,Dallas Fuel,"$37,784",Support,"Zenyatta, Ana, Moira, Baptiste",Fielder
77,,1998-05-01 , Iceland,Active,,"$83,386",Tank,"Zarya, Soldier, 76, D.Va, Roadhog",Finnsi
78,,1997-05-29 , United States,Active,Vancouver Titans,"$59,196",Support,"Lúcio, Mercy",Fire
79,Baek Chan-hyung,1999-02-26 , South Korea,Active,,"$71,656",Tank,"Winston, Reinhardt, Orisa",Fissure
80,Kim Dong-eun,2000-06-22 , South Korea,Active,Seoul Dynasty,"$178,758",DPS,"Doomfist, McCree, Reaper, Widowmaker, Sombra",FITS
81,Chen Zhaoyu,1997-12-08 , China,Retired,,"$20,913",Support,Lúcio,Fiveking
82,Hwang Yeon-oh,2000-05-14 , South Korea,Inactive,,"$118,081",DPS,"Genji, Pharah, Soldier, 76, Junkrat, Widowmaker",Fl0w3R
83,Kim Byung-sun,1999-09-02 , South Korea,Active,Shanghai Dragons,"$286,335",DPS,"Genji, Pharah, Tracer, Widowmaker, Echo",Fleta
84,Xu Peixuan,1995-07-29 , China,Retired,,"$9,533",Support,"Ana, Zenyatta",Freefeel
85,,2000-03-21 , United Kingdom,Active,Philadelphia Fusion,"$173,032",Support,"Lúcio, Mercy, Brigitte, Baptiste",FunnyAstro
86,Kim Jun-ho,1999-11-25 , South Korea,Active,Washington Justice,"$314,398",Tank,"D.Va, Zarya, Roadhog, Sigma, Wrecking, Ball",Fury
87,,1999-03-25 , United Kingdom,Active,Boston Uprising,"$19,616",Tank,"Winston, Reinhardt",Fusions
88,Kim Tae-hoon,1999-04-14 , South Korea,Active,London Spitfire,"$16,293",Support,"Lúcio, Ana, Mercy",Fuze
89,Lee Beom-jun,1998-11-04 , South Korea,Active,Florida Mayhem,"$24,991",Tank,"Zarya, D.Va, Roadhog, Sigma",Gargoyle
90,Guan Li,1994-09-21 , China,Active,,"$13,391","Assistant, CoachSupport","Lúcio, Zenyatta, Ana",Garry
91,Heo Jin-woo,1999-02-07 , South Korea,Retired,,"$25,112",Support,"Lúcio, Mercy",Gambler
92,Noh Young-jin,1995-02-14 , South Korea,Retired,,"$78,378",Tank,"Winston, Orisa, Wrecking, Ball, Reinhardt",Gamsu
93,Kang Nam-jin,1998-11-11 , South Korea,Active,Florida Mayhem,"$52,948",Support,"Ana, Zenyatta, Baptiste, Moira",Gangnamjin
94,,, United States,Active,Atlanta Reign,"$102,041",Tank,"Reinhardt, Winston, Sigma, Orisa",Gator
95,Kim Se-yeon,1999-06-26 , South Korea,Active,,"$141,969",Tank,"Zarya, D.Va, Orisa, Wrecking, Ball",Geguri
96,Hong Jae-hee,1998-01-12 , South Korea,Active,Seoul Dynasty,"$404,293",Tank,"Winston, Orisa, Reinhardt, Roadhog, Sigma",Gesture
97,,1998-01-22 , United States,Active,Revival,"$24,900",Tank,"Reinhardt, Orisa, Winston",GiG
98,Moon Gi-do,2000-01-13 , South Korea,Active,,"$33,140",Support,"Zenyatta, Ana, Tracer, Genji",Gido
99,Lim Gil-seong,2002-01-26 , South Korea,Active,San Francisco Shock,"$22,465",DPS,"Doomfist, McCree, Tracer, Widowmaker",Glister
100,,1996-07-29 , United States,Active,Revival,"$19,089",CoachTank,"Roadhog, D.Va, Widowmaker, Tracer, Genji",Gods
101,Kim Kyeong-bo,1996-10-25 , South Korea,Active,Hangzhou Spark,"$90,832",DPS,"Widowmaker, McCree, Tracer, Sombra, Genji",GodsB
102,,1994-01-10 , Portugal,Retired,,"$9,306",Support,"Ana, Zenyatta, Moira, Widowmaker",Greyy
103,Lee Hee-dong,1998-11-29 , South Korea,Retired,,"$44,234",Coach,"Tracer, Sombra, Brigitte",Guard
104,Cho Joon-hwan,1998-07-04 , South Korea,Inactive,,"$10,822",Tank,D.Va,GuardiaN
105,Xu Qiulin,2000-10-16 , China,Active,Hangzhou Spark,"$112,713",Tank,"Winston, Reinhardt, Orisa, Wrecking, Ball",Guxue
106,Choi Hong-joon,1999-11-30 , South Korea,Active,,"$137,274",Tank,"D.Va, Zarya, Roadhog, Tracer, Sigma",HOTBA
107,Jo Hyeon-woo,1994-09-24 , South Korea,Active,GC Busan WAVE,"$69,815",SupportManager,"Zenyatta, Ana, Sombra",HaGoPeun
108,Kim Hyo-jong,2000-11-02 , South Korea,Retired,,"$243,151",DPS,"Genji, Pharah, Doomfist, Mei, Brigitte",Haksal
109,,2000-07-19 , United States,Active,,"$8,515",Support,"Lúcio, Brigitte",Halo
110,Choi Han-been,2002-02-20 , South Korea,Active,Dallas Fuel,"$88,353",Tank,"D.Va, Zarya, Brigitte, Sigma",Hanbin
111,Lee Jung-woo,1999-08-02 , South Korea,Active,Houston Outlaws,"$27,152",DPS,"Widowmaker, McCree, Ashe, Soldier, 76, Hanzo",Happy
112,,1991-08-10 , Spain,Active,,"$67,528",Support,"Lúcio, Mercy, Ana, Zenyatta, Soldier, 76",HarryHook
113,,2001-09-16 , United States,Active,Atlanta Reign,"$48,508",Tank,"D.Va, Zarya, Roadhog, Sigma",Hawk
114,Jeong Hee-su,2002-03-25 , South Korea,Active,Toronto Defiant,"$107,442",DPS,"Widowmaker, Sombra, Reaper, McCree, Hanzo",Heesu
115,Lee Sung-hyeok,1999-03-13 , South Korea,Active,,"$48,781",Support,"Zenyatta, Ana, Moira, Baptiste",Highly
116,Lee Dong-eun,1996-09-18 , South Korea,Active,,"$235,182",CoachDPS,"Tracer, Widowmaker, Soldier, 76, Pharah, McCree",Hooreg
117,,1996-02-07 , France,Retired,,"$16,390",Support,"Zenyatta, Ana",HyP
118,,1998-03-08 , United States Brazil,Active,Houston Outlaws,"$94,488",TankDPS,"Pharah, Doomfist, Wrecking, Ball, Genji, Orisa",Hydration
119,Cho Hyeon-woo,1997-03-07 , South Korea,Active,,"$9,352",Support,"Mercy, Lúcio",Hyeonu
120,Park Je-min,2001-02-01 , South Korea,Active,,"$183,542",DPS,"Junkrat, Pharah, Genji, Echo",ILLICIT
121,Kim Min-chul,2000-02-22 , South Korea,Active,Shanghai Dragons,"$176,516",Support,"Zenyatta, Ana",Izayaki
122,Wei Yansong,1998-06-13 , China,Active,,"$33,798",Tank,"Reinhardt, Winston",jiqiren
123,Choi Hyeon-Woo,1997-10-30 , South Korea,Active,,"$227,605",Tank,"D.Va, Wrecking, Ball, Roadhog, Zarya",JJANU
124,Bang Seong-hyun,1999-12-20 , South Korea,Active,New York Excelsior,"$254,314",Support,"Zenyatta, Ana, Moira",JJonak
125,,1996-07-28 , United States,Retired,,"$25,793",DPS,"Junkrat, Soldier, 76, Genji, Pharah",JAKE
126,Song Jun-hwa,1997-01-28 , South Korea,Retired,,"$120,945",Tank,"Winston, Reinhardt",Janus
127,,, United States,Retired,,"$57,631",DPS,"Genji, Tracer, Sombra, Pharah, Doomfist",Jaru
128,Lee Seung-soo,1999-05-31 , South Korea,Active,Dallas Fuel,"$66,092",Support,"Lúcio, Mercy, Brigitte",Jecse
129,Min Tae-hee,2001-07-05 , South Korea,Active,Washington Justice,"$3,697",DPS,"McCree, Widowmaker, Reaper, Ashe",Jerry
130,Kim Ji-hun,2002-05-08 , South Korea,Retired,,"$1,700",Tank,"Wrecking, Ball, Reinhardt, Orisa",Jihun
131,Yi Hu,1999-04-30 , China,Active,Chengdu Hunters,"$11,799",DPS,"Genji, Pharah, Hanzo, Doomfist, Torbjörn",JinMu
132,Choi Dae-han,2000-11-05 , South Korea,Retired,,"$32,499",Tank,"Reinhardt, Winston, Orisa",JMAC
133,Alhumaidi Alruwaili,, Saudi Arabia United States,Active,,"$14,962",Tank,"D.Va, Zarya, Roadhog, Sigma",KSAA
134,,1999-08-20 , United States,Active,Los Angeles Valiant,"$93,872",DPS,"Hanzo, McCree, Widowmaker, Reaper, Mei",KSF
135,,2000-06-17 , United Kingdom,Active,Los Angeles Valiant,"$37,572",DPS,"Widowmaker, McCree, Reaper, Hanzo",KSP
136,Shin Woo-yeol,1998-11-09 , South Korea,Active,O2 Blast,"$56,225",Tank,"Zarya, D.Va, Sigma",Kalios
137,Choi San-ha,2001-04-19 , South Korea,Active,O2 Blast,"$27,657",Tank,"Winston, Reinhardt, Wrecking, Ball",Karayan
138,Park Young-seo,1998-01-08 , South Korea,Active,Guangzhou Charge,"$86,776",Support,"Zenyatta, Ana, Moira, Widowmaker, Soldier, 76",KariV
139,,1999-02-09 , Denmark,Active,British Hurricane,"$61,484",Support,"Lúcio, Mercy",Kellex
140,,2000-05-30 , Germany,Active,,"$32,925",Coach,"Zenyatta, Ana, Mercy, D.Va",Kodak
141,Jeong Young-hoon,2000-10-28 , South Korea,Active,,"$37,891",Support,"Zenyatta, Ana, Moira",Krillin
142,Choe Jun-soo,1996-12-07 , South Korea,Active,,"$25,572",Support,"Brigitte, Baptiste, Lúcio, Mercy",Kris
143,,1996-08-06 , United Kingdom,Active,,"$33,794",Support,"Lúcio, Mercy, Genji",Kruise
144,Cai Shilong,2000-08-22 , China,Active,,"$100,871",DPS,"Genji, McCree, Brigitte, Hanzo, Widowmaker",Krystal
145,Kim Dae-kuk,1991-07-13 , South Korea,Active,Florida Mayhem,"$15,534",CoachTank,"Winston, Reinhardt, Orisa",KuKi
146,,1998-07-16 , United Kingdom,Retired,,"$22,141",DPS,"Genji, Roadhog, Hanzo, Sombra",Kyb
147,,, Brazil,Retired,,"$3,282",Tank,Reinhardt,Kyo
148,Lee Jae-won,2001-11-05 , South Korea,Active,Shanghai Dragons,"$102,757",DPS,"Sombra, McCree, Reaper, Widowmaker, Hanzo",LIP
149,Mun Jung-won,2001-04-02 , South Korea,Active,Los Angeles Valiant,"$26,685",Support,"Zenyatta, Ana, Moira",Lastro
150,Huang Xin,2001-10-23 , China,Active,Chengdu Hunters,"$35,308",DPS,"Genji, Widowmaker, Tracer, McCree, Doomfist",Leave
151,Lee Jae-gon,2001-08-29 , South Korea,Active,Shanghai Dragons,"$149,839",Support,"Lúcio, Mercy, Brigitte",LeeJaeGon
152,Chen Jingyi,2001-07-30 , China,Active,Team Chaser,"$37,372",Support,"Lúcio, Ana, Zenyatta, Baptiste",Lengsa
153,,1999-05-21 , Finland,Active,,"$25,205",Tank,"Reinhardt, Winston, Orisa, Wrecking, Ball",LhCloudy
154,,1994-04-09 , Finland,Active,Vancouver Titans,"$43,065",DPS,"Widowmaker, Genji, McCree, Soldier, 76, Ashe",LiNkzr
155,Kim Hae-seong,1999-07-12 , South Korea,Active,,"$257,379",DPS,"Genji, Pharah, Hanzo, Junkrat, Mei",Libero
156,,1997-06-11 , Belgium,Active,Toronto Defiant,"$20,555",DPS,"Tracer, Soldier, 76, Widowmaker, McCree, Ashe",Logix
157,Kim Seung-hyun,2000-09-10 , South Korea,Active,Atlanta Reign,"$22,053",Support,"Ana, Moira, Zenyatta",Lr1s
158,Yang Seong-hyeon,1998-03-24 , South Korea,Active,,"$153,282",Support,"Ana, Zenyatta, Moira",Luffy
159,Liu Jiming,2000-06-20 , China,Active,Hangzhou Spark,"$28,954",Support,"Mercy, Lúcio",M1ka
160,Wu Dongjian,1999-07-02 , China,Active,,"$19,752",Tank,"D.Va, Zarya, Roadhog",MG
161,Kim Chan-hee,2002-06-03 , South Korea,Active,Guangzhou Charge,"$66,201",Support,"Lúcio, Baptiste",Mandu
162,,1996-06-10 , Canada,Active,,"$35,280",DPSCoach,"Pharah, Junkrat, Torbjörn, Hanzo, Genji",Mangachu
163,,1997-06-01 , Sweden,Retired,,"$26,438",Tank,"D.Va, Zarya, Roadhog, Soldier, 76",Manneten
164,Kim Dong-gyu,1996-04-12 , South Korea,Active,Philadelphia Fusion,"$258,940",Tank,"Winston, Reinhardt, Orisa, Wrecking, Ball",Mano
165,Hwang Min-seo,2000-10-26 , South Korea,Active,Seoul Dynasty,"$186,969",Tank,"Sigma, Winston, Reinhardt, Orisa, D.Va",Marve1
166,,1995-07-18 , Finland,Active,Atlanta Reign,"$78,093",Support,"Lúcio, Mercy, Brigitte",Masaa
167,,1997-02-11 , United States,Active,Revival,"$36,187",Tank,"D.Va, Roadhog, Sigma",McGravy
168,Kim Tae-hong,1997-07-25 , South Korea,Active,Houston Outlaws,"$215,945",Tank,"D.Va, Sigma, Roadhog, Zarya",MekO
169,Choi Min-hyuk,1999-12-21 , South Korea,Active,Toronto Defiant,"$209,947",Tank,"D.Va, Zarya, Roadhog, Sombra",Michelle
170,Pongphop Rattanasangchod,1993-10-28 , Thailand,Active,Team Envy,"$52,796",StreamerTank,"Brigitte, D.Va, Roadhog, Zarya, Winston",Mickie
171,Gong Jin-hyuk,1996-02-26 , South Korea,Active,,"$66,962",Tank,"Winston, Reinhardt, Orisa",Miro
172,,2001-10-14 , Vietnam Latvia,Active,Los Angeles Gladiators,"$22,014",DPS,"Widowmaker, Genji, Brigitte, Doomfist, Zarya",MirroR
173,Stanislav Danilov,1997-03-26 , Russia,Active,,"$45,379",SupportDPS,"Tracer, Sombra, McCree, Widowmaker",Mistakes
174,He Chengzhi,2001-11-10 , China,Active,Shanghai Dragons,"$37,069",Support,"Zenyatta, Ana",Molly
175,,, Canada Lebanon,Inactive,,"$2,624",Tank,"D.Va, Roadhog, Zarya",Mouffin
176,,1998-08-17 , United States,Active,DarkMode NA,"$25,194",Tank,"Winston, Orisa, Wrecking, Ball, Reinhardt, Symmetra",Muma
177,Byeon Sang-beom,1998-03-27 , South Korea,Retired,,"$38,252",DPS,"Tracer, McCree, Widowmaker, Sombra, Ashe",Munchkin
178,Seo Sang-min,1999-06-12 , South Korea,Active,Boston Uprising,"$34,457",Support,"Zenyatta, Ana, Moira",Myunb0ng
179,Ilya Koppalov,1998-08-04 , Russia,Retired,,"$60,950",DPS,"Tracer, McCree, Widowmaker",NLaaeR
180,Kim Jong-seok,1999-04-30 , South Korea,Retired,,"$241,542",Support,"Mercy, Lúcio, Ana",NUS
181,Park Se-hyeon,1998-07-09 , South Korea,Active,Guangzhou Charge,"$52,845",CoachSupport,"Zenyatta, Ana, Baptiste, Lúcio, Brigitte",Neko
182,Jeong Yeon-kwan,1996-10-31 , South Korea,Active,,"$147,871",DPS,"Tracer, Widowmaker, McCree, Zarya, Ashe",Nenne
183,,1996-06-24 , Sweden,Inactive,,"$302,378",Tank,"D.Va, Sigma, Roadhog, Genji, Ana",Nevix
184,,1995-03-19 , France,Active,,"$71,351",DPS,"Genji, D.Va, Echo, Mei, Doomfist",NiCOgdh
185,Jeong Da-un,1997-02-15 , South Korea,Active,,"$118,532",Tank,"Reinhardt, Winston, Orisa",NoSmite
186,,, Mexico,Active,,"$23,673",Coach,"Reinhardt, Winston",Nomy
187,,1998-10-16 , Canada,Active,,"$54,279",Tank,"D.Va, Zarya, Roadhog, Sigma",NotE
188,,1993-01-28 , United Kingdom,Active,Young and Beautiful,"$105,414",Tank,"Winston, Reinhardt",Numlocked
189,Son Min-seok,1999-10-15 , South Korea,Active,,"$27,883",Tank,"Winston, Reinhardt, Orisa",OGE
190,,1997-07-29 , Norway,Active,New Kings,"$44,482",DPS,"Tracer, Ashe, Widowmaker, McCree, Soldier, 76",Onigod
191,Chen Lizhen,1997-08-15 , China,Active,,"$14,217",Support,"Mercy, Lúcio",OnlyWish
192,,1996-03-19 , United States,Active,,"$17,340",Support,"Lúcio, Mercy, Baptiste",Paintbrush
193,Yang Zi-on,1998-05-15 , South Korea,Active,,"$8,534",Support,"Zenyatta, Moira, Ana",Persia
194,Kim Do-hyeon,1997-08-15 , South Korea,Active,New York Excelsior,"$203,315",DPS,"McCree, Widowmaker, Genji, Doomfist, Tracer",Pine
195,,1996-07-21 , France,Active,Philadelphia Fusion,"$188,970",Tank,"D.Va, Sigma, Zarya, Roadhog",Poko
196,Park Hyun-jun,2000-12-05 , South Korea,Active,,"$73,827",Tank,"Winston, Orisa, Reinhardt",Pokpo
197,Park Joon-yeong,1999-11-19 , South Korea,Active,Seoul Dynasty,"$421,006",DPS,"Tracer, Genji, Hanzo, Pharah, Ashe",Profit
198,Yu Sung-jun,2000-09-29 , South Korea,Active,,"$45,321",Tank,"D.Va, Zarya, Sigma",QoQ
199,Song Ji-hoon,, South Korea,Active,Shanghai Dragons,"$42,777",CoachSupport,"Lúcio, Mercy, Baptiste",Quatermain
200,Park Jae-ho,1999-07-07 , South Korea,Active,Los Angeles Valiant,"$27,009",Support,"Lúcio, Mercy, Brigitte",RaiN
201,Kim Jun-keun,1998-03-30 , South Korea,Active,Dallas Fuel,"$165,975",Support,"Zenyatta, Ana, Moira, Baptiste",Rapel
202,Kim Dong-jun,1998-07-23 , South Korea,Active,,"$558,791",DPSSupport,"Genji, Pharah, Brigitte, Baptiste, Mei",Rascal
203,,1994-06-16 , United States,Retired,,"$40,956",Support,"Ana, Moira, Baptiste, Zenyatta",Rawkus
204,An Hyeong-geun,1998-05-24 , South Korea,Active,RunAway,"$86,317",Support,"Ana, Zenyatta, Baptiste",Revenge
205,Park Seong-Wook,, South Korea,Active,Washington Justice,"$87,589",Tank,"D.Va, Roadhog, Sigma, Zarya",Ria
206,Oh Seung-pyo,2000-04-19 , South Korea,Active,Guangzhou Charge,"$31,280",Tank,"Reinhardt, Winston, Wrecking, Ball, Orisa",Rio
207,,2000-11-29 , Finland,Active,British Hurricane,"$85,459",Support,"Zenyatta, Moira",Ripa
208,Lee Won-jae,2001-04-30 , South Korea,Retired,,"$7,204",Support,"Zenyatta, Ana, Moira",Rise
209,Park Joo-seong,1998-08-14 , South Korea,Retired,,"$19,600",Coach,"Lúcio, Mercy, Zenyatta, Ana, Baptiste",RoKy
210,,1995-04-04 , Canada,Active,Vancouver Titans,"$33,909",Support,"Zenyatta, Ana",Roolf
211,Jing Wenhao,1997-05-11 , China,Retired,Talent Transmission,"$7,518",Coach,"Winston, Reinhardt",Roshan
212,Kim Su-min,1999-01-15 , South Korea,Active,Toronto Defiant,"$163,333",Tank,"Winston, Reinhardt, Orisa",SADO
213,Park Jong-ryeol,1995-12-23 , South Korea,Active,Seoul Dynasty,"$266,445",DPS,"Tracer, McCree, Reaper, Sombra, Roadhog",Saebyeolbe
214,Song Sang-hyun,2000-08-11 , South Korea,Active,,"$82,142",DPSTank,"D.Va, Roadhog, Pharah, Genji",SASIN
215,Kim Sung-jun,2000-01-12 , South Korea,Active,,"$303,616",Support,"Lúcio, Mercy, Ana",SLIME
216,Kim Sung-hoon,1994-04-13 , South Korea,Active,,"$6,186",Coach,"Winston, Orisa, Reinhardt",SNT
217,Kim Yeong-han,2002-05-31 , South Korea,Active,Dallas Fuel,"$73,060",DPS,"Doomfist, Genji, Pharah, Hanzo, Mei",Sp9rk1e
218,,2000-03-28 , United States,Active,Los Angeles Gladiators,"$98,864",Tank,"D.Va, Roadhog, Zarya, Sigma",SPACE
219,Kwon Nam-joo,1999-12-04 , South Korea,Active,San Francisco Shock,"$660,525",DPS,"Tracer, Reaper, McCree, Widowmaker, Hanzo",STRIKER
220,Yoon Seong-won,, South Korea,Retired,,"$11,785",Tank,"Reinhardt, Winston",Swon
221,Lim Gyu-min,2001-12-07 , South Korea,Active,,"$1,068",Support,"Lúcio, Mercy, Baptiste, Brigitte",SanGuiNar
222,Kim Hyang-ki,1998-06-01 , South Korea,Retired,,"$3,139",Tank,"D.Va, Roadhog",Sansam
223,,2002-07-10 , United States,Active,,"$46,061",DPS,"Tracer, Zarya, Widowmaker, McCree, Genji",Saucy
224,Lee Dong-Jae,2001-10-06 , South Korea,Retired,,"$22,159",DPS,"Pharah, Doomfist, Genji",Schwi
225,,1992-07-23 , United States,Retired,,"$23,466",Flex,"Genji, Junkrat, Pharah, Hanzo, D.Va",Seagull
226,Seo Min-soo,2000-07-06 , South Korea,Active,Hangzhou Spark,"$171,097",DPSTank,"Doomfist, Pharah, Hanzo, Reaper, Zarya",SeoMinSoo
227,,2001-12-08 , Canada,Active,Vancouver Titans,"$5,835",Tank,"Orisa, Wrecking, Ball, Winston, Reinhardt",ShRedLock
228,George Gushcha,1997-01-13 , Russia,Inactive,,"$108,267",DPS,"Genji, Pharah, Mei, Hanzo",ShaDowBurn
229,,2001-12-10 , Sweden,Active,Atlanta Reign,"$56,855",DPS,"Tracer, Widowmaker, Reaper",SharP
230,,1999-04-09 , Denmark,Active,Los Angeles Valiant,"$42,225",DPS,"Tracer, Widowmaker, Sombra, Zarya, Reaper",Shax
231,,1998-05-12 , Finland,Retired,,"$116,850",Support,"Ana, Zenyatta, Soldier, 76, Moira, Tracer",Shaz
232,He Junjian,2000-02-22 , China,Active,Ultra Prime Academy,"$37,120",CoachSupport,"Ana, Zenyatta",Sky
233,,1999-03-19 , Brazil,Active,,"$1,676",,,Snow_(Brazilian_player)
234,,1994-02-04 , France,Active,,"$156,102",DPS,"Tracer, Widowmaker, McCree, Reaper, Ashe",SoOn
235,,1995-06-05 , Belgium,Inactive,,"$25,144",Tank,"Zarya, Roadhog, Soldier, 76",SPREE
236,Seo Ji-won,1999-09-14 , South Korea,Active,Boston Uprising,"$114,029",Tank,"Reinhardt, Orisa, Wrecking, Ball, Roadhog, Winston",Stand1
237,Lee Do-hyung,1998-05-05 , South Korea,Active,Talon Esports,"$20,097",DPS,"Tracer, Mei, Sombra, Hanzo, Reaper",Stellar
238,Lee Chung-hee,1997-04-21 , South Korea,Active,,"$236,060",DPS,"Tracer, Sombra, Soldier, 76, Widowmaker, McCree",Stitch
239,,2001-02-27 , United States,Active,,"$6,621",DPS,"Pharah, Genji, Mei, Doomfist, Junkrat",Stratus
240,,1994-11-04 , Canada,Inactive,,"$120,572",DPS,"Widowmaker, McCree, Hanzo, Sombra, Reaper",Surefour
241,,2000-12-16 , United States,Inactive,,"$6,934",Support,"Mercy, Lúcio, Ana, Baptiste",Swimmer
242,,1993-08-30 , Finland,Retired,,"$70,886",DPS,"Widowmaker, McCree, Roadhog, Hanzo, Reaper",Taimou
243,Hwang Jang-hyeon,1997-07-11 , South Korea,Inactive,,"$140,491",Tank,"Winston, Reinhardt, Orisa, Wrecking, Ball",TiZi
244,Lim Hyeon-woo,2001-06-27 , South Korea,Active,Gen.G esportsSeoul Dynasty,"$127,015",Tank,"D.Va, Sigma, Zarya",Toyou
245,,1997-02-16 , Australia,Retired,,"$52,696",Tank,"Reinhardt, Winston, Wrecking, Ball",Trill
246,,2001-08-31 , France,Active,,"$16,863",DPS,"Tracer, Zarya, Widowmaker",Tsuna
247,Lee Ho-sung,1999-09-21 , South Korea,Active,Washington Justice,"$56,592",DPS,"Genji, Doomfist, Pharah, Tracer, Sombra",TTuba
248,,1994-07-24 , Sweden,Retired,,"$45,573",DPS,"Genji, Soldier, 76, Pharah, Tracer, Hanzo",TviQ
249,Lee Joo-seok,1998-02-08 , South Korea,Active,San Francisco Shock,"$446,171",Support,"Ana, Zenyatta, Baptiste, Moira, Brigitte",Twilight
250,Fang Chao,1995-07-03 , China,Active,,"$15,207",CoachDPS,"McCree, Tracer, Widowmaker, Reaper",Undead
251,,, Canada,Active,VASTA Gaming,"$81,421",SupportManager,Lúcio,Verbo
252,Park Min-ki,2000-04-17 , South Korea,Active,San Francisco Shock,"$544,030",Support,"Zenyatta, Baptiste, Moira, Ana",Viol2t
253,Kang Jun-woo,1996-10-02 , South Korea,Active,Shanghai Dragons,"$214,716",Tank,"Zarya, D.Va, Sigma",Void
254,Choi Seok-woo,1999-11-11 , South Korea,Active,,"$27,778",DPS,"Doomfist, Junkrat, Pharah, Mei, Genji",Wekeed
255,Lee Seung-jun,2001-08-23 , South Korea,Active,,"$110,690",DPS,"Genji, Tracer, Doomfist, Pharah, Mei",WhoRU
256,Sung Seung-hyun,1998-01-10 , South Korea,Active,RunAway,"$94,428",Tank,"D.Va, Zarya, Roadhog, Sigma",WooHyaL
257,Liu Junjie,1995-01-01 , China,Retired,,"$19,905",TankDPS,"Pharah, Winston, Zarya, Sombra, D.Va",Xushu
258,Jung Ki-hyo,2001-11-02 , South Korea,Active,Dallas Fuel,"$50,030",DPS,"McCree, Soldier, 76, Widowmaker, Ashe",Xzi
259,Jin Young-Jin,1997-11-16 , South Korea,Retired,,"$50,635",Flex,"Doomfist, Roadhog, Soldier, 76, Hanzo, Reaper",YOUNGJIN
260,Kim Jun-ki,2001-06-11 , South Korea,Active,Florida Mayhem,"$45,584",DPS,"Genji, Pharah, Tracer, Echo, Mei",Yaki
261,Jo Gyeong-mu,2001-01-29 , South Korea,Active,O2 Blast,"$19,667",Tank,"Winston, Reinhardt, Orisa",Yakpung
262,Zhang Zhihao,1997-03-12 , China,Active,Team Chaser,"$24,885",DPS,"McCree, Soldier, 76, Tracer, Sombra, Reaper",YangXiaoLong
263,Li Xianyao,2000-09-29 , China,Active,Chengdu HuntersTeam Chaser,"$16,519",Support,"Mercy, Lúcio, Zenyatta",Yveltal
264,Kim Joon-hyuk,1997-10-29 , South Korea,Retired,,"$106,416",Tank,"Zarya, D.Va, Roadhog, Soldier, 76",zunba
265,,2001-01-27 , United States,Retired,,"$26,935",DPS,"Tracer, Sombra, Genji, Mei, Hanzo",ZachaREEE
266,,, Sweden,Retired,,"$39,211",Support,"Lúcio, Ana, Zenyatta",Zebbosai
267,,1995-07-04 , Finland,Retired,,"$37,714",Support,"Ana, Zenyatta",Zuppeh
268,,1995-12-11 , France,Retired,,"$61,797",DPS,"Soldier, 76, McCree, Widowmaker, Pharah, Zarya",aKm
269,,1995-11-14 , Brazil,Inactive,,"$14,693",Support,"Lúcio, Zenyatta, Mercy",alemao
270,Ding Menghan,1996-09-29 , China,Active,Chengdu Hunters,"$10,864",Tank,"Wrecking, Ball, Orisa, Reinhardt",ameng
271,Park Min-seob,1999-09-13 , South Korea,Retired,,"$10,491",Tank,"Winston, Reinhardt",axxiom
272,,1995-06-23 , United States,Retired,,"$80,965",DPS,"Widowmaker, McCree, Hanzo, Ashe, Soldier, 76",babybay
273,,1999-02-22 , United States,Active,,"$9,852",DPS,"Doomfist, Mei, Pharah, Genji, Soldier, 76",Blasé
274,Lee Sang-bum,1998-07-03 , South Korea,Active,Florida Mayhem,"$30,177",DPS,"Sombra, McCree, Ashe, Hanzo, Soldier, 76",BQB
275,,2000-07-18 , Netherlands,Active,,"$10,214",Tank,"D.Va, Roadhog, Sigma",brussen
276,Lee Seong-ju,1998, South Korea,Active,,"$22,232",Support,"Zenyatta, Ana, Moira",byrem
277,Lee Jae-hyeok,1998-10-14 , South Korea,Active,Philadelphia Fusion,"$177,765",DPS,"McCree, Widowmaker, Tracer, Ashe, Hanzo",carpe
278,,1989-10-26 , Sweden,Retired,,"$57,694",Coach,"Reinhardt, Winston, Orisa",cocco
279,,1989-07-29 , United States,Retired,Houston Outlaws,"$34,249",ManagerTank,D.Va,coolmatt
280,,1993-12-27 , Denmark,Retired,Atlanta Reign,"$7,151",DPS,"Soldier, 76, Tracer, Torbjörn, Zarya, McCree",dafran
281,,, Poland,Active,Old and Bored,"$7,101",DPS,"Genji, Widowmaker, Pharah, McCree, Bastion",danye
282,,1989-04-29 , Spain Venezuela,Retired,,"$15,384",Support,Lúcio,dhaK
283,Bae Min-seong,2000-02-13 , South Korea,Active,Shanghai Dragons,"$170,831",DPS,"McCree, Widowmaker, Tracer, Hanzo",diem
284,Josue/Josh Corona,1999-05-10 , Israel Colombia,Active,Philadelphia Fusion,"$169,027",DPS,"Genji, Hanzo, Pharah, Junkrat, Roadhog",eqo
285,,1990-12-05 , Finland,Retired,,"$117,949",Tank,"Reinhardt, Winston",fragi
286,,1999-10-11 , United States,Active,Vancouver Titans,"$69,407",Tank,"D.Va, Zarya, Roadhog",frd
287,Park Ho-jin,1999-04-26 , South Korea,Active,Hangzhou Spark,"$99,252",Support,"Lúcio, Mercy, Baptiste",iDK
288,,, Puerto Rico United States,Retired,,"$42,837",Tank,"Reinhardt, Winston",iRemiix
289,,1991-12-31 , Sweden,Active,,"$18,359",DPS,"McCree, Tracer, Soldier, 76, Widowmaker, Ashe",iddqd
290,Hong Jin-ui,1999-11-20 , South Korea,Active,Boston Uprising,"$11,186",DPS,"McCree, Widowmaker, Tracer, Ashe",im37
291,Lee Seung-hyun,, South Korea,Active,,"$81,776",DPS,"Genji, Mei, Hanzo, Doomfist, Pharah",ivy
292,,2001-05-21 , Sweden,Active,Los Angeles Gladiators,"$29,447",DPS,"Tracer, Pharah, Widowmaker, Ashe, Genji",kevster
293,Ma Tianbin,1999-07-05 , China,Active,Chengdu HuntersTeam Chaser,"$37,876",Tank,"Zarya, D.Va",lateyoung
294,,2000-11-10 , United States,Active,,"$2,249",Tank,"Wrecking, Ball, Reinhardt, Orisa",mikeyy
295,,1996-09-14 , United States,Active,Los Angeles Gladiators,"$538,003",Support,"Lúcio, Brigitte, Ana, Mercy, Baptiste",moth
296,,1992-02-12 , Spain,Active,,"$130,387",Support,"Mercy, Lúcio, Ana, Baptiste, Brigitte",neptuNo
297,,2001-05-31 , United States,Active,San Francisco Shock,"$32,162",DPS,"Pharah, Genji, Mei, Hanzo, Tracer",nero
298,,2001-10-22 , Australia United States,Active,Boston Uprising,"$15,935",Tank,"Sigma, D.Va, Zarya, Roadhog",punk
299,,, Finland,Retired,,"$11,838",Tank,"D.Va, Roadhog, Sombra, Pharah",rCk
300,Gye Chang-hoon,1997-02-22 , South Korea,Active,,"$106,863",Tank,"Winston, Reinhardt",rOar
301,Ryu Je-hong,1991-09-05 , South Korea,Active,,"$119,288",Support,"Ana, Zenyatta, Moira",ryujehong
302,,2000-07-25 , Denmark,Active,Philadelphia Fusion,"$3,251",DPS,"Widowmaker, McCree, Tracer, Hanzo, Echo",sHockWave
303,Ha Jung-woo,1998-07-29 , South Korea,Retired,,"$28,129",DPS,"Widowmaker, McCree, Soldier, 76",sayaplayer
304,Normunds Faterins,, Latvia United Kingdom,Retired,,"$22,593",Tank,"Winston, Reinhardt",sharyk
305,Kim Jin-seo,2000-07-12 , South Korea,Active,Los Angeles Gladiators,"$31,014",Support,"Zenyatta, Ana, Widowmaker, Moira, Baptiste",shu
306,Ted Z Wang,1999-01-09 , United States China,Retired,,"$33,500",DPS,"Tracer, Genji, Soldier, 76, Pharah, Hanzo",silkthread
307,,2000-03-18 , United States,Retired,,"$274,384",DPS,"Zarya, Doomfist, Tracer, Genji, Sombra",sinatraa
308,,1998-09-16 , United States,Retired,,"$25,219",Support,"Zenyatta, Ana",sleepy
309,Yoo Myeong-hwan,2000-03-12 , South Korea,Active,San Francisco Shock,"$544,397",Tank,"Winston, Orisa, Wrecking, Ball, Reinhardt, Roadhog",smurf
310,,2000-03-02 , Sweden,Active,,"$131,767",DPS,"Tracer, Soldier, 76, McCree, Brigitte",snillo
311,,2000-03-28 , United States,Active,San Francisco Shock,"$548,585",Tank,"Reinhardt, Winston, Roadhog, Orisa",super
312,Sean Taiyo Henderson,2000-04-12 , Japan United States,Active,San Francisco Shock,"$283,011",DPS,"Tracer, Genji, McCree, Ashe, Widowmaker",ta1yo
313,Yang Jin-mo,1994-02-26 , South Korea,Active,,"$245,296",Support,"Lúcio, Mercy, Baptiste, Brigitte",tobi
314,,1995-12-24 , France,Retired,,"$61,797",Support,"Zenyatta, Ana, Moira",uNKOE
315,,1995-11-12 , Canada,Retired,Luminosity Gaming,"$12,657",Tank,"Winston, Reinhardt, Orisa",xQc
316,Koo Jae-mo,1996-09-15 , South Korea,Active,GC Busan WAVE,"$25,754",Tank,"D.Va, Zarya, Roadhog, Sigma",xepheR
317,,2001-04-24 , France,Active,,"$12,503",DPS,"Hanzo, Mei, Tracer, Echo, Sombra",zYKK
318,,1989-12-03 , Finland,Retired,,"$50,560",Flex,"Zarya, D.Va, Tracer",zappis
319,,, Ethiopia United States,Retired,,"$39,423",Support,"Ana, Mercy, Zenyatta",Snow_(Mikias_Yohannes)
